permutation,error_mean,error_best,error_std,individual_trials
"(0, 1, 2, 3, 4)",3.3779734758206628,2.04923022553064,1.0741213049723082,"[7.975748797016279, 3.055110417890003, 2.7066940176886978, 3.398802989946359, 3.907595944445077, 3.938938569419907, 3.9403036058510983, 3.7092325716983665, 3.169965626399555, 5.160187351226582, 2.870623295022032, 2.7403905142131895, 2.838593321738281, 2.745831026800627, 2.402847502279861, 2.2536968683775447, 2.963551320621014, 3.8276970472585607, 2.9617082012057274, 2.535104867866504, 3.60649331750517, 2.3028753386339305, 3.0627580352463823, 3.264661424868418, 3.128860763073918, 3.360997534804752, 2.04923022553064, 3.730862515047957, 3.638384471419927, 4.091456791523533]"
"(0, 1, 2, 4, 3)",3.197436252050714,1.8563765189883985,0.8092782118621957,"[5.938037944822168, 2.396097828965536, 2.510874944600197, 2.255584470665896, 3.4547033273619485, 3.8100707851214946, 3.433501192932875, 4.775678556979785, 2.9181527214198093, 4.395122836501329, 3.274464741105424, 3.5026485374085947, 2.6328272223972395, 2.7630213274838273, 2.9281424680592054, 2.546240593830694, 3.451576725678938, 2.7980541740792004, 3.9212669526291997, 2.252621846711682, 3.0218034513431387, 1.8563765189883985, 3.0591373279325644, 3.558469305814525, 3.0149087010863553, 3.3878389054083744, 2.529341711151812, 2.802969675997715, 3.670431477964965, 3.0631212870785127]"
"(0, 1, 3, 2, 4)",3.32079755642507,2.277114916468563,0.6651961081902663,"[5.158569312024474, 2.9142630442968915, 2.819883405098099, 3.2046977342198386, 3.734466230305213, 3.66701901518577, 3.289786984468821, 3.552143108915838, 3.2812588143603603, 4.0124231869301275, 3.887559498408726, 2.3471473807391585, 3.8394316720501114, 4.622958517555574, 3.103957237775663, 3.4247041783467593, 3.1319134881722106, 2.782872225615348, 2.466659622685441, 2.277114916468563, 3.2591146049242097, 2.5578854117259167, 3.4354708877487794, 3.2232877371968853, 3.469044922374581, 2.6629246269923628, 2.431718026972202, 2.932307279014235, 4.277985807590644, 3.855357814589278]"
"(0, 1, 3, 4, 2)",3.3778903750250624,2.5866633074224508,0.7121910377140648,"[5.591463145076583, 3.071432888115044, 2.8908827519360156, 2.590077961669719, 3.2388894082445447, 3.3091751585669797, 3.817155657111077, 3.2303367257909312, 3.309588840480981, 4.374300108182457, 4.0197649666038, 4.931341646398065, 2.7503376126024253, 2.648971132637542, 2.613085665473653, 3.1037842781592584, 3.145497742279349, 2.797870791475658, 3.6659381948322074, 3.314429251793222, 3.3655464740318544, 2.7603663874731623, 3.629735581614569, 3.682080842222328, 2.9596637560528434, 2.780573356996983, 2.826960845398545, 2.5866633074224508, 4.136469420069525, 4.194327352040098]"
"(0, 1, 4, 2, 3)",3.282858050790776,1.9392849269351506,1.372714865685284,"[5.347601890980861, 2.370306797497863, 3.056762608596408, 2.3334541902162442, 3.635968426211354, 3.161015160668333, 2.546293227713536, 2.6260031601562592, 3.88978123792104, 3.624282413042754, 2.707997640563346, 2.1663018436013477, 2.891716288581584, 2.985217833495676, 2.740370461836922, 2.629608200321828, 2.514264774392988, 2.7989065941856324, 9.518498415586356, 2.229302761760516, 3.0863022903936144, 2.4006521631215936, 3.2939260526553564, 3.5455978558590378, 3.1489732875763115, 3.075108134352191, 1.9392849269351506, 3.3018270024491625, 4.4777119443457485, 4.442703938704281]"
"(0, 1, 4, 3, 2)",3.3951837837185312,2.0234279730339564,0.746186227066889,"[4.43824647260197, 2.5977058287045893, 3.448499834033138, 2.1688165707852107, 4.306412499787098, 2.9968693291109543, 3.296464762580171, 3.0636118344157155, 3.485437806378915, 4.28033320414627, 3.4136909088221126, 2.2260582224571075, 4.5924308008304955, 3.048650283868672, 4.918660011284906, 2.7420985224352172, 3.2228531990857547, 3.495479398704939, 3.204267297717518, 2.4914320287839584, 3.3346604599907272, 2.0234279730339564, 3.0257830994711834, 3.7056415855952736, 3.5223021706472424, 4.389279767464407, 2.5873040974066432, 3.923048337708164, 3.5435775350007543, 4.3624696687028965]"
"(0, 2, 1, 3, 4)",3.1535425245122553,1.693931115253895,0.8183315043997154,"[4.019106506782657, 2.2007264558456474, 3.2528734956678425, 2.09555616315856, 2.7659515369920973, 3.3430606865066292, 2.758481088942674, 2.8980122744432, 3.8632865889399137, 3.777648591351577, 3.478561028668774, 2.922381857930479, 5.057266343721502, 4.4727894168988716, 3.003904546242204, 2.626265505120736, 2.863012968338019, 2.9714139902185543, 3.2766636751685603, 2.125749295883482, 2.7139483524639396, 2.010309714926236, 3.0298623225531807, 2.8345341830025754, 2.755280326503905, 2.6094765308347827, 1.693931115253895, 4.565773357854026, 4.552322556662193, 4.068125258490948]"
"(0, 2, 1, 4, 3)",2.903796786131544,1.8517627111855137,0.6201393714606726,"[3.9369477310209797, 2.9681197765374225, 3.3768967422101617, 2.0663639598366013, 2.8977665586702606, 3.2144093197186034, 2.0779020012794542, 3.2497436628820853, 2.68820983491018, 3.5572520935230485, 2.9702815599267396, 2.953646205287686, 2.9859023535651863, 4.615030151139043, 2.2543719263655584, 2.652145058993999, 2.2790186058771758, 3.1663079225840045, 2.840245152420326, 2.6528189158301703, 2.784224606113436, 1.8677046830206077, 3.440890604422843, 3.180809600790749, 2.559512880676948, 2.1619849626502505, 1.8517627111855137, 3.1053650932224808, 3.8762815206109433, 2.881987388673868]"
"(0, 2, 3, 1, 4)",3.2977435788046985,2.089901550665343,0.6268422547706032,"[4.144271523196269, 2.534015566105496, 3.1499042758010365, 3.2356920607688795, 3.128956906472586, 3.468592889486357, 3.0953960070694264, 3.3251528641312733, 2.9690858083329177, 4.469299523747782, 3.327767666907514, 3.145999580512736, 3.6159021460236467, 4.381962038851625, 3.114606333069845, 2.510279182422843, 3.469485122963924, 3.4544966566806794, 3.5847841554055098, 2.833246398304534, 4.004427275254123, 2.36014543294748, 3.5848733580264645, 3.2040134686497743, 2.6762762591900975, 2.5128158657061093, 2.089901550665343, 4.602141532380869, 4.134441752586388, 2.804374162479428]"
"(0, 2, 3, 4, 1)",3.224606111261357,1.8045898751712226,0.5459184120820033,"[4.27775248625488, 2.731398866682458, 3.6841416154423876, 2.547340079174293, 3.13254567848124, 3.5141921156009253, 3.5785554993738127, 3.216092422502217, 3.129321720699919, 4.264281484797544, 2.9382704216945488, 2.7018670624950976, 3.029551759954996, 2.81841486195552, 3.410414678982836, 3.364736077911694, 2.575781538006677, 3.2094667113164514, 3.7094522956605944, 3.2093437349330736, 2.9398734638337363, 1.8045898751712226, 2.748551025038252, 3.8312858062991837, 3.0907376652072993, 2.6172166290568586, 3.319314454850935, 3.938490093947569, 4.081625878409603, 3.323577334104896]"
"(0, 2, 4, 1, 3)",3.0763681605526116,1.7839222868262532,0.6823205957265769,"[4.869370860883554, 2.67288480441814, 3.33387604060443, 2.648102417244668, 3.449547275831514, 3.404219922169163, 2.803810322984214, 3.8054008996185607, 2.8395798784884327, 3.3024063374134385, 3.2031043571698965, 1.7839222868262532, 2.3933091983009445, 3.2515368225746326, 2.36628583829055, 2.253232480810271, 2.666941608030672, 3.3937158689749585, 3.5276080510388423, 2.666038205636262, 2.927876645569643, 2.3987808886808604, 3.3938796341141786, 2.703179378615294, 2.9565442840180287, 2.947560877834723, 2.7566506003248845, 4.95456147348996, 3.97342133988494, 2.643696216736449]"
"(0, 2, 4, 3, 1)",3.1261282342794767,1.9765835716169404,0.7151502140362999,"[4.960042942616264, 3.45937632436873, 2.8263649761094443, 1.9765835716169404, 3.8015379206845474, 3.269230274138769, 3.5909341321412285, 4.387582152461707, 3.1248821303808096, 2.7488483651602738, 2.9757906548703086, 2.644512022276849, 2.0709845860963445, 2.9664722357782147, 2.5698089264043986, 2.418215920281178, 2.485290770017387, 3.505841646870121, 3.2292534599538474, 2.575259925554625, 3.0518513811001124, 2.0329052992689913, 2.861309421508, 4.246569298509661, 2.988485109559772, 3.377012009463726, 2.246389848445557, 3.52697208716914, 4.171842890212874, 3.6936967453644822]"
"(0, 3, 1, 2, 4)",3.56319862369402,2.5273075172316544,0.6090134397427286,"[4.226160775404745, 3.4732879980909415, 2.8610743286061155, 3.5807228255330363, 4.690177432486521, 4.125219476983503, 2.931767410588456, 3.3496775085415935, 3.051379378837387, 4.927229351110674, 4.402809455430906, 3.356868466612605, 2.7939585429406706, 3.560986727922039, 2.6577094291393135, 3.499890134347728, 3.9929164180132095, 2.858971306024916, 3.9305407835905917, 3.6249250970249354, 3.256376538854981, 2.5273075172316544, 3.124496891690443, 3.5025762924644672, 3.7109304772925134, 3.557065905447496, 2.865375192631053, 4.078614546210864, 4.444384142882998, 3.932558358884255]"
"(0, 3, 1, 4, 2)",3.553826862374773,2.1039326275009596,0.7091223766180145,"[4.984543854639585, 2.829395188648056, 2.6630388154416402, 3.3609196193662645, 4.150578979497449, 4.04327771051205, 3.5930182230415117, 2.8659483413295366, 3.5572499925049246, 5.075179433570774, 4.15244736714094, 4.105519941003088, 3.4024896212462292, 3.68141586850646, 2.614464541278452, 3.390575972755608, 3.5908049050495996, 3.2041155606573755, 3.8009341045171685, 2.7417259397553866, 4.619339031751465, 2.1039326275009596, 3.7921960868323286, 3.212895698546945, 2.878654147138035, 2.8424292728722826, 3.1000704803151544, 3.80384794080964, 4.611676677660746, 3.8421199273535387]"
"(0, 3, 2, 1, 4)",3.735510822358888,2.6439338148481015,0.6957513683241947,"[5.72878431087149, 3.0748287836076758, 4.042413151858122, 2.9987060474889784, 5.257439447257336, 4.870280255071413, 3.502937592461513, 3.3713354028829037, 3.4960495517640626, 4.3423495236811736, 4.424633197639748, 3.285638732239757, 3.144029692999412, 3.97815852334618, 3.3591297845006336, 3.0354321361430006, 3.613378423894125, 3.1102245044286554, 3.6887510546430016, 3.5852235398517758, 4.40793895640147, 2.6439338148481015, 3.9768234153749695, 3.9489934595172786, 3.491317663611258, 2.9523938917985517, 3.4476947505381226, 3.160182051366681, 3.8875143098559017, 4.238808700823357]"
"(0, 3, 2, 4, 1)",3.8350077419432327,2.4258986883078815,0.6919139904364623,"[5.430874571003496, 5.117422955366032, 3.2434246343044606, 4.640752105097619, 4.899711460442724, 3.9482875172565293, 3.238909358077855, 3.70150483003121, 3.7626505512063932, 4.442532376990678, 3.891093689157091, 3.0774394990284524, 3.71554889659323, 4.343933714414225, 3.3112353202752125, 3.2300176359742867, 3.4390420501350234, 4.1952636514624775, 3.6127948746682095, 3.344461062023309, 4.316783292265224, 2.4258986883078815, 3.673044047847623, 3.9725919938618994, 3.765724222863763, 3.090369227836397, 2.8969138383839232, 4.441375909006485, 4.6881702688505085, 3.1924600155647562]"
"(0, 3, 4, 1, 2)",3.4352840085081335,2.4328836046394566,0.6129867571773924,"[4.563013233896632, 3.1954347029676495, 2.481847067912551, 3.0394529977112814, 3.8506854694362813, 4.208017001392766, 3.0418041681628147, 2.8795162630747324, 2.8611454105285197, 4.454856643094474, 3.5797826621816737, 3.0979472408156012, 3.5128574484782895, 2.9630812032590788, 3.6151889658972123, 2.8401480996080157, 3.580501133788395, 4.091286406251886, 3.3497532777443624, 3.5159005804835117, 4.663345889535879, 2.4328836046394566, 3.399506183374148, 2.7872985308016003, 3.4153567483803893, 3.2721018945563127, 2.6553818658569313, 3.3096156249914497, 4.589993771544278, 3.8108161648778216]"
"(0, 3, 4, 2, 1)",3.6332943609529944,2.1308965077240334,0.7197900498819068,"[5.779963683843002, 3.0314055769299366, 3.2002609724020252, 3.0291437901882157, 3.7641786287207957, 4.85130594049473, 3.5332622518183068, 3.097597760566442, 2.9834611367168113, 4.388093956844179, 3.848529812002609, 3.1954029779009105, 3.393817237230371, 3.1542006327899696, 2.817380482878896, 3.641054189539136, 3.8861601938177848, 3.1053681494938443, 3.974858732577258, 2.9269225487678403, 4.014018128748801, 2.1308965077240334, 3.9387484604737377, 3.3452341460426562, 4.238625760940474, 3.389614095390985, 3.5117390801288737, 4.069170104813169, 4.995450825333442, 3.7629650634705967]"
"(0, 4, 1, 2, 3)",2.8407036105570236,1.9636922864528672,0.49906214705053614,"[3.7390747426826247, 2.5011567776794434, 2.412069632712761, 2.1241634078070497, 2.737692169031594, 3.1098441384739948, 2.5937355499388173, 2.5796241557966093, 3.1418515708029884, 3.948591010057928, 3.0128095121245386, 2.7246701429103797, 2.8416380160459487, 3.2090384327283563, 2.7901605056309933, 2.585609823051202, 2.043535870957859, 2.879814204918909, 2.9564175846406147, 2.4740766247445287, 3.0852965449947933, 2.038305375818627, 2.4638549153259435, 3.6398282418168613, 2.710019747784385, 2.935898016862306, 1.9636922864528672, 3.4604607282037754, 3.6313148675736, 2.8868637191404174]"
"(0, 4, 1, 3, 2)",2.8071478803416605,1.9003280950351462,0.6582036007175092,"[5.000986155965363, 2.479334025636084, 2.028169802600736, 2.27540271851091, 2.6368010394557646, 3.127483176017873, 2.3353028952413197, 2.991193488353915, 3.6785539784813595, 3.817206504787681, 2.701576440593461, 2.0505070129933776, 2.6438362667547763, 2.2018992157275625, 2.718706134411033, 2.3630505789508573, 2.35979739968756, 2.9649087911992935, 3.025789147324805, 2.498808158788473, 3.1858333981697693, 2.1294379720309986, 2.321179726166081, 2.91487316418018, 2.6488076311851114, 2.573067155368167, 1.9003280950351462, 3.332172837560568, 3.703137148442199, 3.6062863506294023]"
"(0, 4, 2, 1, 3)",2.79590044885152,2.1234106659778367,0.4437219936447646,"[4.159882598292765, 2.5492265143254182, 2.1234106659778367, 2.3485110074809494, 2.918598538455953, 3.0893380114320244, 2.3449717187592762, 2.6743536929325322, 3.3077686281052436, 2.8235747454409084, 2.8457575206345007, 2.5157245072928807, 2.654275963480061, 2.7728436338794498, 2.7952078043706434, 2.861094664800052, 2.3331297401326108, 2.971048306792096, 3.016496637275481, 2.213394947048297, 3.1948982608200773, 2.230750539083256, 3.1826192608429165, 2.830283413784957, 2.581719012542766, 2.48148904836983, 2.1493610439364743, 3.3588876731727058, 3.4254302715142404, 3.1229650945694027]"
"(0, 4, 2, 3, 1)",2.9949465383846428,1.9472394625720661,0.6101449323074248,"[4.300367740394384, 3.142934518124763, 2.8361646159789147, 2.308745611525119, 3.6012987610540725, 3.1690454000919006, 3.0708686261636733, 2.8297334331279744, 4.7136318392433125, 3.4364488302196228, 2.801431703163515, 2.591724828939546, 2.5202007636599326, 3.1958101704194286, 3.241378780690105, 3.0431624076723907, 2.4265057320288186, 2.617945008221001, 3.2794197921951156, 2.494898167104553, 3.5403585370010364, 2.0669664659724156, 2.884635054931056, 2.4252603970845854, 3.1895115310994084, 2.158931986359077, 1.9472394625720661, 3.4480853149820985, 3.6954034582236805, 2.870287213295717]"
"(0, 4, 3, 1, 2)",2.8924053555883615,2.199341248895921,0.4970329621521955,"[4.406849122851212, 2.8325795426439684, 2.199341248895921, 2.3830307177271695, 3.1204153873695595, 3.245088976395375, 2.487660060208418, 2.3128656455830967, 3.2833653372443994, 3.2001792633703823, 2.9865258067518576, 2.2492250244031333, 2.420915870682121, 2.7751970281832308, 2.625157082518431, 3.4345520722913774, 2.9496410723062585, 2.5371260553238577, 3.324156618483649, 2.489339873903967, 3.2972586771752552, 2.58259079131685, 2.280147611429284, 2.9170472113521355, 2.9628682166970632, 2.3408174635792913, 2.8943193326685854, 3.2715897162078953, 3.1923675968344396, 3.769942243252653]"
"(0, 4, 3, 2, 1)",2.988589269950871,2.059566834084105,0.5301679299513501,"[3.8820609066202185, 2.878080933765864, 2.5142638643187016, 2.2450464251149507, 2.8907497130363518, 3.161106105761164, 2.9497392868620036, 2.387031272486666, 3.2259788913795364, 3.529732937290959, 3.4249250305281413, 2.485134095915964, 3.0961961063384313, 2.715006041449127, 3.014005078044476, 3.507207507800571, 2.5342958830143525, 4.11687864709449, 3.190845667840578, 2.387429637182789, 3.54233341538721, 2.38333406947739, 2.3681520134209557, 2.9458510113845047, 2.852931981241422, 2.5045173205310025, 2.059566834084105, 3.611130450163498, 3.7536601675386128, 3.500486803452088]"
"(1, 0, 2, 3, 4)",4.826859579415287,3.0360279143933284,0.9936521324408258,"[5.909656674579286, 4.054598820084123, 4.869764301393579, 3.314488532801345, 4.640643863600832, 4.1134772592779605, 4.529808518441185, 7.016080870670686, 5.090192119593518, 6.002983652258004, 3.0360279143933284, 4.664564956204975, 4.918829678868602, 4.43557316623124, 3.465699093840088, 4.958788511445701, 5.414767448930931, 3.70908817013839, 4.343579786406024, 4.831702421014167, 5.261149097471856, 4.077267424482193, 4.487221249012684, 4.287691940522567, 3.6199603239659526, 5.156214160478511, 7.141126148210252, 5.773371901845494, 6.370948541329646, 5.310520834965461]"
"(1, 0, 2, 4, 3)",4.447760254094054,2.707910047329358,1.309325756373214,"[5.077066891772826, 2.707910047329358, 2.7491706627473156, 4.585156221716941, 3.90471495948976, 4.098295782476644, 3.2197623130678603, 7.246186487083416, 5.1330114508459825, 5.775908684876755, 3.5360701161686636, 4.651947300579257, 4.262756723960118, 4.36105143715712, 3.370195467254161, 5.077243231474449, 4.118221854703888, 2.917427714033494, 4.202327422528925, 3.2904141519875387, 3.3396258271551966, 3.221860476744227, 5.239115445021968, 6.24654862164404, 3.546969642887402, 3.4437783167589497, 5.538379170761846, 4.938357372371607, 5.124740979612034, 8.508592848609878]"
"(1, 0, 3, 2, 4)",4.961578040671553,3.5264007153691455,0.9222676302900698,"[5.513739625864083, 4.2974050457070305, 4.076394424331921, 4.34979948355689, 5.484397756845046, 4.676803375663552, 4.91760971499579, 5.895174302296097, 5.532265896041058, 6.187738004554252, 4.09569820498874, 4.6898437593400715, 6.545163539175093, 4.636621901403978, 3.5264007153691455, 3.960335770744932, 5.267856985276417, 4.377369522286986, 4.574042844514055, 4.342454208914839, 5.083760531302079, 4.207078377858185, 4.7381558042544, 4.766426113578116, 3.9777074897537696, 3.600408345702587, 6.3621223683792465, 5.506137666651164, 6.404107392246888, 7.254322048550168]"
"(1, 0, 3, 4, 2)",4.644417520614425,2.5594759210548865,1.0645800962753882,"[5.849896849793706, 4.492433647238264, 3.7713268232882546, 4.308786291796337, 4.882716159280221, 5.0863998662208765, 4.380486383825866, 5.543534474765107, 3.5929442923274073, 5.848285002363747, 2.5594759210548865, 3.409582223162507, 3.7567029717142315, 4.5511821788591424, 4.12074983877109, 5.768546068826898, 4.907292274671888, 4.4804347219664455, 4.915964829534548, 4.205763590872443, 4.264774344002012, 2.7658965502806927, 4.346237852542242, 4.177991303010065, 4.503670679140719, 5.626398532038079, 3.4273386579854077, 7.583061490034194, 5.923993737271817, 6.280658061793647]"
"(1, 0, 4, 2, 3)",3.8917365955780516,2.4360137637001804,0.9912964405368416,"[5.359171648224624, 3.7041651418149795, 3.079676183275727, 2.5738350338777436, 5.261215507991947, 3.349108674481434, 4.879979265231403, 6.641770563365928, 4.4992062041433245, 4.644740355110414, 2.965352205695161, 3.579288417747443, 3.36084215507653, 3.025134793436952, 2.62773368806708, 3.1841598377047537, 4.181323880820225, 4.36047187152621, 4.303838098718366, 2.4668296046645053, 4.572917655074525, 3.4999031490911006, 3.1170908043548096, 3.7981077334567277, 3.0283323040564256, 4.092237093187228, 2.4360137637001804, 4.164596106047991, 5.060659250429678, 4.9343968769681545]"
"(1, 0, 4, 3, 2)",3.712542537589547,2.3399847673152663,0.8412364069134107,"[5.311754416466284, 3.1396313622793186, 3.2955435864056164, 2.6211630252719673, 5.466089734779766, 3.921037660485547, 3.1459472208173347, 3.8932835248272517, 3.8918495445795074, 4.266744238794441, 3.271353634849626, 3.276055432417479, 3.256931377070972, 4.091809743443301, 2.857604250534266, 3.4343295215838565, 3.6896328149651, 3.8038077849918053, 4.76480464692172, 2.578259580705745, 4.028348646121391, 2.5865595766520273, 3.359850030953431, 4.3608556486179175, 4.0942963601395395, 2.478290748310604, 2.3399847673152663, 4.850838607416148, 5.242553306591542, 4.0570653333776425]"
"(1, 2, 0, 3, 4)",4.096354067718763,2.7818807840212303,0.8420460863094613,"[4.669033930869833, 3.8155799842193194, 4.0045636871631585, 3.8674823977143773, 4.5045260400463025, 5.725562666462892, 3.80730897254499, 5.02191315983272, 4.270847511539333, 5.917148095582564, 3.553694526837049, 4.231292510022436, 3.3112325061457053, 3.242892649951375, 5.124466841685444, 2.901160894452259, 4.824526715596521, 3.6776768183202604, 3.7569493328308514, 3.8174448390549203, 4.394211879398766, 2.989396243674006, 3.8581811749472643, 3.787519691104524, 3.3860808114780783, 3.1186615589190425, 2.7818807840212303, 3.7938338380760936, 5.949292377399984, 4.786259591671578]"
"(1, 2, 0, 4, 3)",3.60192456735171,2.251346966344265,0.8128559039215888,"[6.576856774119246, 2.558381736135214, 3.576099388180391, 3.779123375605856, 3.964117576679273, 3.7420995262694867, 2.8909278146777204, 4.923032182441469, 3.262469485505343, 3.809013960242698, 3.0513720196207132, 3.3694726947583793, 4.270148571133755, 4.378451458055301, 4.312565141829392, 3.1037998620014697, 2.9548915790245887, 2.536146969920484, 2.9495481199199656, 3.5182023995769582, 3.5220794285388926, 3.2204877548773037, 4.15101650000222, 3.892250709875923, 3.3623310463831944, 2.251346966344265, 2.8691868438014025, 3.583843324636207, 4.032956969237741, 3.64551684115644]"
"(1, 2, 3, 0, 4)",4.9197213083923295,3.6901295235945586,0.840300163714021,"[5.683264453976561, 4.368369776482784, 6.387453569074043, 5.269840292381915, 5.04145848699398, 5.624346440303743, 4.569072140722796, 5.51439338589941, 5.1099514073387065, 6.83280870897911, 4.477504643168826, 4.149218962803255, 3.720122616585738, 5.017823793806276, 4.020801752249166, 4.817663717859863, 4.740230960738995, 3.948208190690386, 6.43942160785368, 3.734975783146752, 5.809346573821994, 4.3708532466471794, 4.77037112290059, 4.848699074338487, 3.7839286521694397, 3.6901295235945586, 4.725322459579352, 5.286165506160892, 6.125394909046267, 4.714497492455149]"
"(1, 2, 3, 4, 0)",2.8716065744951127,2.0552332907915334,0.47854508241470345,"[3.932393348070662, 2.6542957370400266, 2.3219203404383117, 2.4261684267253862, 2.841395624677543, 3.2430236072759273, 2.8206504540614667, 3.0590441069151355, 2.7412257908196125, 3.23771194600167, 3.4437382285847424, 2.356866836014732, 3.250000421727926, 2.735188413511713, 2.9246943563351997, 2.4724995053015073, 2.6631150951710922, 3.292134526788481, 2.873012959548387, 2.172442721257777, 3.0728384017509667, 2.1625735122303595, 2.4121063652588326, 3.0241755394362144, 2.7719272900298324, 2.552466173682458, 2.0552332907915334, 3.7586150835945853, 3.078491064898426, 3.7982480669128655]"
"(1, 2, 4, 0, 3)",4.542099279360403,3.2406185562732928,0.7875528193728866,"[5.55561857025545, 3.9744882510474318, 4.5230783017746266, 4.471937622495248, 5.685502908609263, 4.678858814108747, 4.108179044542267, 3.98553602391388, 4.506574996699224, 6.7368822122529375, 4.07641729831735, 3.68975499309107, 4.1211694352055535, 4.384205273275012, 3.612853194938042, 3.8765986888923396, 4.678421943700853, 4.120901131984873, 5.014457872940632, 4.773673483009075, 6.0368825009648095, 3.2406185562732928, 4.58569765714946, 4.388829475346057, 4.6365807607128, 4.317817480903044, 3.3972507031830097, 5.026517591956341, 5.93807458986195, 4.119599003407447]"
"(1, 2, 4, 3, 0)",3.583260658887868,2.1222398278153807,0.8114867117798484,"[4.892507595605906, 3.3881965868285926, 3.079274050437246, 3.4943399652634426, 5.057767214281713, 4.564162865687159, 4.873049683385282, 3.330637278525512, 3.2206647874169554, 4.184945096338156, 3.4173620933263544, 2.8109987339524283, 3.425518996370407, 3.276362805182204, 2.5916961295599057, 3.3037832101590188, 3.1973151938517512, 3.3006198995568616, 4.337656257671814, 2.9355154487144595, 4.2416382024876, 2.1222398278153807, 3.542802462397901, 3.2818139414316967, 2.7907216162211967, 2.6939363426932723, 2.6657567108251605, 4.273201930606428, 5.573908160167558, 3.629426679874666]"
"(1, 3, 0, 2, 4)",4.652703590457937,2.6338739082814047,0.9867097239039518,"[5.115497945103991, 4.31820322663354, 4.708983509523691, 3.9593779902293744, 6.5635556818182526, 4.8946004008577315, 5.947067984375977, 4.851471255746434, 4.020824204261867, 5.391008739243087, 3.8330719939263025, 4.171667096606655, 3.3272998217989365, 4.841303984621162, 4.631795808397268, 4.238826200279698, 5.343124673353669, 4.055824323894928, 4.477707305134497, 3.7683344224148936, 6.077113589314124, 2.6338739082814047, 4.708303222500469, 6.5491332528790975, 4.3580690788014325, 3.3093366963870072, 3.9112939930107045, 6.207929232241518, 5.897765215705634, 3.468742956394762]"
"(1, 3, 0, 4, 2)",4.10283925754047,2.7019778162314925,0.735212241236176,"[5.144058158325709, 4.695430232556987, 2.798908360481878, 3.36710302958473, 5.331189871354507, 4.368442408104498, 4.428925809097203, 4.045710962604863, 3.6537343366364845, 4.899142041339033, 4.412242227849448, 4.202706957491127, 3.690450771501957, 4.424421877385307, 3.0954046729448037, 4.038297080279425, 5.590576227090331, 3.6354952975204027, 5.1889328463604825, 2.9615643717964573, 3.8192601130523722, 2.7019778162314925, 4.72291231358056, 3.839694392094148, 3.390888544064296, 3.5505293239946947, 3.928897430111675, 4.196266923909482, 4.666536617491441, 4.29547671137832]"
"(1, 3, 2, 0, 4)",4.3909128626847185,3.243314183930846,0.72695332000379,"[5.354293301906564, 3.9994066895546996, 5.337822710430448, 3.837333279118131, 5.931643373624267, 4.405647892316139, 5.002033007577619, 4.359758804315355, 3.7841780893522983, 5.306236080410003, 3.5688873849215637, 4.243218211998314, 3.711245108141762, 4.67797278795655, 3.603903008332972, 4.188466850490008, 4.586765280816588, 3.8831183894058774, 5.764174798812407, 3.619828998292331, 4.35879242572052, 3.243314183930846, 5.425487978143708, 4.096121705413545, 4.021675436981686, 3.4293891601524025, 3.5126344173096387, 4.918258482925788, 4.937467846873634, 4.618310195315889]"
"(1, 3, 2, 4, 0)",2.8346771902208285,1.9163060823064473,0.5727654292073544,"[4.011761043825669, 2.539725570582205, 1.9163060823064473, 2.1600287771153366, 2.892680813599555, 3.1908956701203346, 2.79704112480064, 2.729160968201725, 3.0042427155562916, 3.107895368679441, 3.3769518059772246, 2.6091817409162052, 2.4813413892081266, 2.7371428076460607, 2.573064882178474, 2.7508211890529095, 2.355490929725607, 2.675456475554745, 2.5930552868903316, 2.3340801517381573, 3.340464519615442, 2.0990900435708117, 2.54018734685286, 4.278029811721891, 2.645817720532118, 2.886912484740204, 2.0962000480676433, 3.5637411977992666, 4.096465850978569, 2.657081889070559]"
"(1, 3, 4, 0, 2)",3.2667945930132842,1.8131753972321003,0.9983557628487627,"[4.692191911076315, 2.78505414667032, 2.4404323994744543, 2.578059978549706, 4.600811877171951, 4.28766273430368, 3.5655052797365125, 5.326361805852759, 3.022575165925641, 4.206778173176801, 3.0539765506017367, 3.417161897623523, 2.4071572680512556, 3.559170816439859, 2.5859038045505653, 2.8911486197663154, 1.957191081709946, 3.366881081170917, 4.464672336769346, 2.4876788817371462, 4.703010003879075, 1.8131753972321003, 2.6751992206541018, 3.236825051929292, 2.531595009643458, 1.9593563479956706, 2.1081889706778143, 4.575716272536871, 4.631550970729201, 2.072844734762201]"
"(1, 3, 4, 2, 0)",3.178635446619667,2.042314715370679,0.8066861412444772,"[4.230141909811503, 2.4644393062593495, 5.205298503608847, 2.424803768317022, 3.688844032757163, 3.959206297059953, 3.691460574098403, 4.016901553674916, 3.1075632353923335, 4.6635959150919915, 3.1243426494919, 2.2855732833886604, 2.6843481851167375, 3.054245051325019, 2.695158516255704, 2.4878522456248215, 2.4634471291738476, 3.290032235669161, 2.741542538952247, 3.167929223044088, 3.2091853076209844, 2.042314715370679, 2.6899764478402624, 2.590336856497511, 2.925585129511189, 2.371802593210191, 3.087582743142736, 2.7388129507749857, 5.153403067567398, 3.103337432940411]"
"(1, 4, 0, 2, 3)",4.229223454490858,2.769022112788567,0.7889598203046659,"[6.212685130159777, 4.280958030836619, 3.2070147325455185, 4.123295295060451, 5.130333546216671, 5.236178298672728, 3.220803221565214, 4.5303980390404615, 5.41975340331829, 4.476059806669969, 3.998921070232811, 4.139369579970925, 4.096727140563642, 4.321453978001282, 2.769022112788567, 3.7384218696374933, 3.6423899525680135, 3.3789729563803492, 5.157237534153344, 4.200237603979692, 4.83636625258868, 4.17857142718261, 5.507601316957307, 3.5924662231475155, 3.9043785287998722, 3.15199499967255, 3.2521269195975604, 4.313241646957479, 4.7128857762767815, 4.146837241183581]"
"(1, 4, 0, 3, 2)",4.269210703530685,3.1286535085187226,0.7722239991056391,"[5.284599431875767, 3.48244624084645, 3.442279069734692, 4.85787949304935, 5.137450690751834, 4.3348964647636015, 3.1374894811808582, 4.205191297585587, 4.150745836974651, 5.642221991617929, 3.883681610316892, 3.804525491960034, 4.2740774493629585, 4.248017972365219, 4.391550239136081, 3.474461606284799, 3.529632537931458, 3.6794637493499893, 5.893309795324468, 4.128264533683069, 4.747974898957258, 3.3359017684112944, 5.002745559702298, 3.8875011128446575, 4.140461774616383, 3.1286535085187226, 3.58469836179242, 4.3078186419864775, 5.160071873300511, 5.798308621694854]"
"(1, 4, 2, 0, 3)",4.882513647599754,3.5994119485529503,0.8441686519488169,"[5.389273819109475, 4.749741169630156, 6.9548684460926395, 4.893161461923203, 5.713607945863867, 4.717080852058062, 3.8607830304683337, 5.296041975375382, 5.158552166481371, 5.67167217338513, 4.5433381082235345, 3.5994119485529503, 3.9397779879645807, 5.298015662868011, 3.7135416369535355, 4.6226187737758195, 4.770317404041481, 4.163689436484592, 5.245000772953095, 4.700999882880104, 5.8607495419969124, 3.973922790087929, 5.592304336068712, 4.372706106841263, 4.608284087443003, 4.291383347099167, 4.496001099150943, 7.176984170646785, 5.108493556176205, 3.993085737396383]"
"(1, 4, 2, 3, 0)",3.9264067156957108,2.6767077869117855,0.8826599219988316,"[5.19153412200282, 4.563527468656293, 3.246870188010363, 4.1994533452981075, 5.372321698008267, 3.867916735648025, 3.307374299695547, 3.0923911161541735, 3.6848849549430915, 4.757144418811309, 3.267458603316867, 4.146631338595275, 3.697522230938641, 4.478392897172227, 3.16486028695628, 2.804378244409434, 3.5706024505268683, 3.3030712554909125, 4.32257590219108, 3.4509794994507335, 4.796114239664182, 2.6767077869117855, 6.622308779291005, 4.066389038158968, 3.4822266467690617, 3.130721709630224, 2.8257612628895044, 4.807115324729596, 4.621176611691278, 3.2737890148593944]"
"(1, 4, 3, 0, 2)",3.8311197107887343,1.7669222534708258,0.8247777343117231,"[4.337209240808635, 3.5764086197289915, 4.367361068546699, 2.9138405329002475, 4.3630755704696345, 4.292921898991538, 4.575229123364575, 4.4103639234981635, 3.1988958016497135, 4.73426544661237, 3.060773242047211, 3.4928664643016214, 4.163897954082623, 4.097099453929991, 2.644412326473818, 3.5525365086602076, 3.1730290519849143, 3.5422307200492393, 4.3033002704101335, 4.039899764938245, 4.326151996998528, 1.7669222534708258, 4.28146471826166, 3.0496016386952105, 3.7581992682931444, 2.6978341409531357, 3.0569807136233798, 4.684871621393194, 6.04653833533059, 4.425409653193777]"
"(1, 4, 3, 2, 0)",3.1524374275229543,1.7284163382677977,0.6097309723286634,"[4.5912827848453714, 2.5333901954501923, 3.0818926562671125, 2.9785306290147546, 3.3733653928191303, 3.7435975488624202, 2.973179288565363, 3.3435491992023754, 2.6583916643796828, 3.8720319050422662, 3.546834788272072, 2.16467948568618, 3.094573170435513, 3.1623750506956667, 3.2965574134253255, 2.885147177233854, 3.231323030958295, 3.2930853602104464, 3.4694438384793873, 2.5681610611173977, 3.135551633245873, 1.8989983121092389, 3.336112733557568, 2.8310430175749177, 3.5185423521315022, 3.852936949005725, 1.7284163382677977, 3.264038262211234, 4.284937974629658, 2.8611536119923056]"
"(2, 0, 1, 3, 4)",3.728031206008587,2.396456496794867,0.8485638157180364,"[4.5056189069163555, 2.8995274393591215, 4.845141817196725, 3.3242718839118046, 4.569542767422466, 4.15067052983256, 4.843772539691149, 4.607992391007982, 4.188306382926977, 3.7139435271287184, 3.2486656855709835, 4.731113206700224, 3.472747633669006, 3.92441300736213, 3.03200500165216, 2.6365648835846898, 2.7917393873905225, 2.991521279642488, 3.912581673030418, 2.756520932398202, 4.733261010974478, 3.1534852892975604, 2.5440887737716493, 3.483548142715803, 3.570413557462598, 2.396456496794867, 2.437860756358163, 4.443587938904553, 5.479928393427069, 4.451644944156167]"
"(2, 0, 1, 4, 3)",3.2671904644584595,1.5927020680086779,1.0246012317575632,"[4.628757711106618, 2.659164082920806, 2.667385962676306, 2.9591115954466645, 3.4002047527123755, 3.3299887538716457, 4.0959004913468, 5.131888029267292, 3.237744545538188, 3.4955817622035372, 2.5403394026119153, 2.335203288580714, 3.063712520962891, 3.029171636340698, 1.5927020680086779, 2.1288108608477683, 2.2969489591111074, 3.2290441719425793, 4.656772594932304, 3.344222728782101, 5.212606243581801, 1.919618480990617, 4.810286579027643, 2.6892200243339617, 2.7639571356978268, 1.979169343000181, 2.0083253401282657, 4.35960154803067, 5.019343028528372, 3.430930291223478]"
"(2, 0, 3, 1, 4)",3.945015010976179,2.6815977267680333,0.9413584285734462,"[4.677009095368264, 3.804732206073992, 4.804150330668822, 3.4734211404389232, 4.815090431279743, 3.8709060179241566, 4.585849154298957, 4.375415270229121, 3.6620050230013175, 4.684536503364653, 2.8556142551569876, 3.342725708163684, 3.287162748547496, 3.4094916781705162, 2.7015149447173097, 3.2534360410612293, 3.0209869264200706, 3.7703783834156064, 6.457830369267648, 3.7595255284990037, 3.3378986033410203, 2.6815977267680333, 3.1824792180090715, 3.463369209468034, 3.440691162651593, 3.1847383154025244, 3.9593374719880203, 6.052749167129488, 4.855460776732253, 5.580346921727817]"
"(2, 0, 3, 4, 1)",3.7051231206844424,2.1651386085833906,0.826041056533973,"[4.659151951895551, 3.735178439539906, 3.277485714742578, 3.1543413453277944, 3.8945365195806882, 4.288141295267621, 4.30539900322991, 3.7749271390249644, 3.8207585832249666, 6.112356944051914, 3.316097232774425, 3.2613475161009364, 3.404309989287511, 3.6276952775776965, 3.116746631093049, 2.452210028505898, 2.9019751471856927, 3.8003120205045047, 3.8210000479963586, 3.448423165400168, 4.616078067432098, 2.1651386085833906, 3.5066890151537007, 4.079370595074653, 3.242218237046224, 2.279024032312529, 2.9514517618371197, 4.366727042469542, 4.888004561627507, 4.886597706684365]"
"(2, 0, 4, 1, 3)",3.3087666919535392,2.1763576366329707,0.9705359968296409,"[4.466476712645989, 2.800437350954554, 2.379261639218406, 2.6816126423969777, 3.1859157505233697, 4.218455155721909, 3.1165553899021483, 6.954646332761502, 2.9852826453757455, 4.097587840912747, 3.2393892658446095, 2.4241090524876685, 3.3282306492285025, 2.7208260856803284, 3.0151472174934475, 2.1763576366329707, 2.2843325670544257, 3.0969378199730646, 3.292337208755828, 2.9667590821072922, 4.463542101242954, 2.8438290223918288, 2.64328582074562, 4.3735247322229815, 2.9995919071667343, 2.3875434995238174, 2.4072628171874375, 3.3651582831279248, 4.624310630905623, 3.7242938984197655]"
"(2, 0, 4, 3, 1)",3.5118164990759224,1.748658068060395,0.948086007895487,"[4.475481098622748, 3.5103624727609453, 4.5239502424918365, 3.249246748273034, 3.390360910682095, 3.6447493507469737, 3.3125135602293128, 5.326783063129233, 3.68490914260661, 3.979360983601116, 3.20301163317275, 3.1507770688631274, 3.837131495833565, 3.721719379893252, 3.195021406694297, 2.1305735814458195, 2.2780753777417293, 3.8323550232693484, 3.945227837521838, 2.9382069267775983, 4.288511537827679, 1.748658068060395, 2.717626113983681, 3.5048592984091442, 2.6637722820653718, 2.137341983618972, 2.1723939859989216, 6.079306065424829, 4.213199686035494, 4.499008646495971]"
"(2, 1, 0, 3, 4)",4.066113834872071,2.0301157622294683,1.029797202764779,"[4.87841550656621, 2.6370400367058378, 4.4012979774484515, 3.280605414325175, 3.9573547248175704, 4.043522839450508, 2.855188366066842, 4.896966016749635, 5.334920769750234, 7.276063753485791, 4.221902890747426, 4.548588899133641, 3.6296577478958545, 5.037892515089199, 2.9158421795275284, 2.6652368701100895, 3.9185644003400375, 3.7040686792195046, 3.896821432730641, 3.791282290208009, 4.55128528691386, 2.0301157622294683, 5.783353617734918, 3.9983165240378744, 3.421354272883964, 3.021414883970624, 4.192094234741108, 4.46639060753558, 4.649807274093398, 3.9780492716531235]"
"(2, 1, 0, 4, 3)",3.3010819654249297,2.160236199316314,0.6019245874657896,"[4.5279043676867765, 2.160236199316314, 3.01012922919956, 2.8858518296355484, 3.461357016519298, 3.2338890314859254, 3.010413455652342, 4.92867893293797, 3.3372806547557707, 4.070335347454178, 3.2088750712740577, 3.9828299736610044, 3.4818136558050936, 3.6600573475458518, 2.7772604352759838, 2.9785954908416894, 3.313125509987644, 2.948563798946425, 3.1384709412052305, 2.6665235311863604, 3.286568900774499, 2.4576808689370333, 3.0638613591479387, 3.6557233497778254, 2.7814775173492468, 2.5015054962703065, 3.4006265176093162, 3.3955345301834425, 3.379412808094249, 4.327875794231019]"
"(2, 1, 3, 0, 4)",4.5742887545366555,3.1526060458524117,0.8157418692612691,"[5.0331032920126955, 3.428984566524034, 5.910336272460382, 4.4933335935983285, 4.991025148041531, 5.492938117806048, 3.6252973690078347, 5.1154168668841855, 4.108997982110458, 6.241049509111066, 4.544361666354758, 4.378120346643863, 3.9962945243721544, 4.976493752610864, 3.1526060458524117, 4.354814187465987, 4.035358509610743, 3.4461172944027707, 5.927123358415951, 4.077089214726427, 5.600529746888146, 3.6104060447566244, 4.444283540285499, 5.095844068699605, 4.685355766002306, 3.422639893648166, 3.812417176155917, 4.678072638982796, 5.362130317648807, 5.188121825019287]"
"(2, 1, 3, 4, 0)",2.7679852536335847,1.7879945831876454,0.563640865232647,"[3.8545301180068123, 1.8804017911856954, 2.0910565975830537, 2.156311647170752, 3.400925486102166, 3.273589175676024, 2.6941261047264677, 2.5997538053549807, 2.7661299116634908, 3.2816478032267273, 3.056308853376334, 2.0601097290924058, 2.4006872326225386, 2.998621355142192, 2.582918691579684, 2.7925158823150977, 2.302897081594851, 2.6792375363915366, 2.973944426612321, 2.2488901232744607, 3.129573051882737, 2.502178298178797, 2.3983390629379717, 3.1177452796673033, 3.1085644853325802, 2.3400881836553213, 1.7879945831876454, 2.786991883461913, 3.563124918683145, 4.21035450932255]"
"(2, 1, 4, 0, 3)",4.429018199902833,2.8038077586000987,0.8743269255764755,"[5.956637001761679, 3.6254603456539156, 4.113576786845665, 3.853265753842984, 5.311535167561807, 5.627321968990056, 3.610158023137382, 4.4315349207856105, 4.181353492407198, 6.798695120922639, 4.597672826440875, 3.345698496050467, 3.8881039152995562, 4.395105302109339, 3.60185835771909, 3.353818953081708, 4.841994001403106, 3.8538423447336267, 4.931123873681104, 3.7985973119401173, 3.9540504572928885, 2.8038077586000987, 4.433440493495124, 4.472458031839144, 4.898785026427984, 4.488798348076184, 3.9255042986269495, 4.423063349828581, 5.7615258529289175, 5.591758415601211]"
"(2, 1, 4, 3, 0)",3.4555383800732296,1.9010066292980452,0.617510639989991,"[4.351391470114183, 3.5338971216588337, 3.705476261184902, 3.1433223481470836, 5.144224608243598, 3.479751218405449, 3.1558257827349236, 3.444129537138888, 3.0961406437614145, 3.8324805984136714, 4.094120691157463, 2.975578998560824, 2.9342791431667172, 2.987952476780982, 3.1716689811844785, 2.8775955430558775, 3.100390455643163, 3.3950687584660812, 3.596535568666329, 3.6520060309874807, 3.7259765055888474, 1.9010066292980452, 2.6445916534906146, 3.935033129063944, 3.0398972474566976, 3.0151414333974786, 3.356487853241837, 4.024256232383273, 4.629220849683359, 3.7227036311204578]"
"(2, 3, 0, 1, 4)",4.300414787687962,3.000907601352267,0.8106408888788655,"[5.232341364470272, 4.18470858544758, 3.8186157046079163, 3.891840284363621, 5.3412348039892, 5.559937241857861, 3.9669044042560193, 4.51262923012028, 3.500659032750486, 4.852286373172142, 4.158120885986003, 3.928130098967848, 3.5279214677479227, 3.737451344654447, 3.000907601352267, 4.149477862012682, 3.7723470826648406, 3.7644396667161986, 4.908111086101154, 5.378351335236165, 4.709605160847715, 3.856100612658985, 4.592204852853205, 3.4209768069962325, 3.7317468003739878, 3.1776140378182274, 3.640581017497634, 6.089347955218594, 6.117712346853876, 4.490138583045501]"
"(2, 3, 0, 4, 1)",4.176669758058537,3.2149351987217654,0.6420970155796543,"[6.114055917238221, 4.364334410754871, 3.991661884423542, 4.6356704484704165, 5.096373102034393, 4.051114006219523, 4.071710356685112, 4.019039715568519, 4.250377482926644, 5.000722412069939, 4.114831840020268, 3.6865301997525117, 3.329008701247389, 4.211536068329982, 3.848438564005074, 3.4554744509165634, 3.3755515329517403, 4.248270513869941, 5.028077936532667, 4.159751877466979, 4.450310697748772, 3.391355369550827, 4.149112619574732, 3.701690315118326, 3.2149351987217654, 3.5955853201326766, 3.527878446173788, 4.505545937793878, 5.136516188601942, 4.574631226855128]"
"(2, 3, 1, 0, 4)",4.28936158544934,2.3881135316071744,0.8896508358509052,"[4.891750068692654, 3.420140040572785, 5.342271121320703, 5.369238288880969, 5.423228951142935, 4.362247761667512, 4.655069144976078, 5.557937925701549, 4.812996189762795, 5.38476972929988, 3.725661428094974, 3.9268303175948076, 3.6553693491310435, 3.849271469013431, 3.3725977962381197, 4.073503808037619, 4.989593143008606, 2.766523720545067, 5.311527806625684, 3.1841912032356126, 4.93034472226412, 2.9608113591388907, 4.705611202076037, 3.500467650099415, 4.476663141867127, 2.3881135316071744, 3.250875680304302, 4.3172537692339, 5.122117459338663, 4.953869784007733]"
"(2, 3, 1, 4, 0)",2.891390972482775,2.130961428674255,0.5099759219403146,"[4.281664246560462, 2.4724631415496674, 2.463498285985668, 2.3641794964550717, 3.3283709534609627, 2.855609599830668, 2.3335832420839524, 2.71879042170436, 2.950908829065767, 3.298093602510384, 2.7906296175468936, 2.216634058544383, 2.8306516102627515, 3.125838450078609, 2.7873135659336024, 2.3480772087888657, 2.700422281096704, 2.838917116188389, 3.0276268249389005, 2.130961428674255, 3.2745510518175505, 2.350689335924989, 2.6321037035745376, 2.9278897575636926, 2.8227569412747244, 3.7387488712321715, 2.4471274175685482, 3.464984559411184, 3.9814022714717003, 3.237241283383853]"
"(2, 3, 4, 0, 1)",3.756880272631412,2.119307397688319,1.0129747366709903,"[5.357848302611843, 4.028863383380074, 2.4760059789211333, 2.4322372548004774, 4.13860164509627, 3.0906313389759443, 5.463706013477226, 4.358301457146122, 4.535934026420042, 5.103393303935215, 2.9207409720045012, 3.1454421163096677, 3.919294333194704, 4.888191214068616, 3.147342798926039, 2.797544451031408, 3.85563243794769, 3.739587799646411, 3.088366853187028, 2.480528075054339, 4.770977112944699, 2.233572359919023, 3.1147031260603395, 3.435929661652604, 4.478896200757996, 2.931804034258351, 2.119307397688319, 4.180890556993255, 5.686456033316112, 4.785677939216897]"
"(2, 3, 4, 1, 0)",3.1647195400802124,2.101643665516077,0.6242590789209017,"[4.990205132243566, 3.2359287213572503, 2.76615477361554, 3.0980304178116023, 2.4786899045368753, 3.104537333747456, 3.0812320722342657, 2.842077657645612, 3.497386083316458, 3.3642963578440606, 2.9623380920838596, 2.684681589845902, 3.010432533079426, 4.570550360331033, 2.747824469069355, 3.0595786170093553, 2.388800065287619, 2.885108227828971, 2.554073144489783, 2.2362866851714096, 3.325432734117728, 3.214464468246991, 3.101729007287297, 3.678305142878102, 3.4160486750963552, 3.1479561402238794, 2.101643665516077, 3.653184178724503, 4.292597242855233, 3.4520127089108064]"
"(2, 4, 0, 1, 3)",3.7538181396810106,2.572848461592077,0.6702289737172286,"[4.793020280255747, 4.004387478905318, 2.9876581321133133, 3.3289513959887085, 4.42469895281643, 4.029588142161208, 3.543928625828941, 4.487375469095704, 3.4805790204144538, 4.474405597538842, 3.6730267104087075, 4.046600992222238, 3.4860544934706064, 3.9308632797451044, 2.834396728547934, 3.423464142876977, 3.3574268764133453, 3.3721869320557976, 4.419529725058782, 2.572848461592077, 4.24757108141146, 2.657933305515499, 3.459945436572067, 3.8572820468408135, 3.893610619769422, 2.92088928867805, 3.7580389823789115, 3.8499762569578557, 5.812280989122812, 3.4860247456731974]"
"(2, 4, 0, 3, 1)",4.250673213563813,2.430123901740081,0.9192343372766533,"[4.624208605773123, 3.89801327973149, 4.280592410139223, 3.359622144291269, 6.25707135545928, 4.099785421262924, 3.9676372139699625, 3.6474520842571088, 4.076869912373814, 5.007855961082653, 4.125244307907136, 3.7580016532123954, 3.281886941079882, 4.9471470888321525, 3.0490895898026484, 3.345558052118746, 4.4862762287905245, 6.229228453609716, 5.227788142444455, 2.844438865888825, 4.215873858187665, 2.430123901740081, 4.510446927579982, 4.95933662789044, 3.8773515549839592, 3.1205659549299702, 4.272959548041321, 5.157359871789221, 5.618659665717919, 4.843750784026493]"
"(2, 4, 1, 0, 3)",4.502418847356055,3.100499599718917,0.8281960171507596,"[5.319594240123123, 4.21273943464064, 4.032653386906842, 3.966777323056604, 5.573471482320169, 4.890489719620785, 4.099389103655796, 4.477873387466039, 5.040154631271269, 5.511505626062654, 3.8986319932040168, 3.7211971859249044, 3.4645023129459003, 4.7202153288781865, 3.100499599718917, 3.7435900207841724, 4.190764332238557, 4.432773377382532, 4.8212466228441055, 3.2608084147717076, 5.952386330943461, 4.0261962095212915, 4.832036454655981, 3.721196795062309, 4.443140059242963, 3.7636281588781113, 4.094459182771163, 6.400236297458959, 5.78929771869223, 5.571110689638287]"
"(2, 4, 1, 3, 0)",3.4012540782288325,2.464758628397851,0.6219167758884222,"[4.38556845535579, 2.831396311658244, 2.9190307159048308, 2.9808088535861685, 3.7780022955453423, 3.7708735310262425, 3.40260984838938, 3.4935422286329607, 2.922116962790934, 4.68912042181968, 3.969261760869462, 2.6993505528538204, 3.422357389347621, 4.0705058273659915, 2.598581343048229, 3.2237632369770415, 3.5947852993291582, 2.8385965844027385, 2.9876541357050073, 2.7664506756743914, 3.873235381152086, 2.464758628397851, 2.592804415256498, 3.339063824935476, 3.2844148419212704, 3.2127280231680917, 3.0614406838901487, 4.353862745966325, 4.7888477688644615, 3.7220896030297315]"
"(2, 4, 3, 0, 1)",4.66760783100698,2.553204312920157,1.222267690270467,"[6.7356815042146465, 3.162824450633728, 4.08013924081917, 4.133846434740314, 6.094597637233307, 4.797959155188135, 4.910199951187454, 5.660973286727644, 4.570339161576497, 6.381935273953816, 3.546685799790781, 3.703388178314527, 4.283193487575019, 4.834144316624435, 3.5871802420268195, 7.516912001779985, 3.7630108909994533, 4.123864668408929, 6.101355412002792, 3.43310894579513, 4.881319703688544, 2.553204312920157, 3.6956014064388336, 4.676165247375634, 4.61433730322156, 2.9720215432252917, 4.589154867998678, 3.9101920643025276, 5.796936619080742, 6.91796182236488]"
"(2, 4, 3, 1, 0)",3.250274083235646,2.1630216311011683,0.6281719002116009,"[4.578170583866075, 2.4742230454576775, 3.104673882218423, 2.1630216311011683, 3.4151790053489477, 3.2480343657629454, 3.376451842019717, 3.1096051040690305, 3.416498689001458, 4.41135734885642, 3.0288992054127175, 4.089826843864474, 3.1830612091715125, 3.888004403458761, 3.786835000806669, 2.705328416918296, 3.966864267535487, 2.8997540415149885, 3.069956212478514, 2.3366361388265364, 3.5739524118191914, 2.2119987809049797, 2.8096324388741203, 3.3839709641102256, 3.306968315168932, 2.817478935556476, 2.3236853749863355, 3.131821224554824, 3.398713526293265, 4.297619287111215]"
"(3, 0, 1, 2, 4)",4.768850494801046,3.195294294525938,0.6354133764017984,"[6.030161519241465, 3.741870785566035, 4.889457991014957, 4.867587080787971, 5.094505616204612, 4.724160124082174, 4.917112539378064, 5.071068221731701, 4.504705255907496, 5.148612221740476, 4.548074066360838, 4.125059077463143, 4.092963497081291, 4.820538952546366, 4.386122438697226, 4.874674631869864, 5.788229904549674, 4.136509568799963, 5.255538470724262, 4.397058541201854, 4.791452647327205, 3.195294294525938, 5.040318708332369, 4.485464657810101, 6.238154699110867, 4.4028714132861015, 4.2387571673557005, 5.236486140074598, 5.5461921217302175, 4.476512489528843]"
"(3, 0, 1, 4, 2)",4.4206623591700245,3.276955362284012,0.7070999590623137,"[5.598697914495293, 3.7485004882549156, 3.9382688153260155, 3.950074375785879, 5.551720042165716, 4.554050883324943, 3.8857351423944038, 4.414451501232158, 5.237863542765773, 5.568599888231356, 4.492438859930767, 4.0053363778705435, 3.691385732878754, 3.847021233338766, 3.283560767424284, 4.447157114740952, 3.9857464696008345, 3.9599345345074712, 4.555663573147204, 4.031952206008219, 4.506017182118661, 3.276955362284012, 4.779393223839161, 4.3134513824817935, 4.312374919795039, 3.520278317850006, 4.719934305258813, 5.909383480074162, 5.59702665230596, 4.936896485668894]"
"(3, 0, 2, 1, 4)",5.055598353778476,3.553899647697858,0.8804254166397265,"[5.4556484967618735, 4.537406843017322, 4.69121401164683, 5.295473043383061, 6.894069961008387, 5.927637203764628, 4.436527973406838, 5.294030390957513, 4.207633733491136, 5.573287186084273, 5.181344635484064, 4.4741219472396985, 3.8005927573289857, 5.761793180607245, 5.386925955027894, 3.553899647697858, 6.568537119135711, 4.87342824024888, 5.029254510461883, 4.027714538678238, 5.479455246894966, 3.6960574722621735, 5.41016975295004, 4.4300136457046175, 5.538382612333847, 3.962230931993611, 4.8460349318532785, 5.764476357621358, 7.071975917103319, 4.498612369204747]"
"(3, 0, 2, 4, 1)",5.177812350986934,3.8571058881730957,0.7844848714222122,"[6.745056272765745, 5.1319425868597595, 6.253997472506632, 5.253142758612154, 5.697629990653626, 4.882414332387173, 3.8571058881730957, 5.025783085624653, 4.894483881808295, 5.817210289633399, 4.611693351719898, 4.19475619586489, 4.957591068687413, 6.040398458387931, 4.880031463290029, 4.936540253986891, 4.809360447765433, 4.054277672220555, 6.143681237991758, 4.447449320284918, 5.355579473337717, 4.0282449426069125, 6.07496709294549, 4.171038961273085, 5.400684655266486, 4.104315066583648, 5.881077779083699, 6.583915553032591, 5.631169140019339, 5.468831836234754]"
"(3, 0, 4, 1, 2)",4.420216146883303,3.151230575019413,0.7615611739158435,"[5.4910898254412315, 3.5245520198548093, 3.747514034884709, 5.0615207733216945, 4.8698248175848775, 4.055633493409873, 3.2397246511042224, 4.361033026603691, 4.298702882498902, 5.679169110762917, 4.221878104551169, 3.4879310402915884, 3.632495244099244, 5.702212528851482, 3.407225870551198, 3.8610662303901706, 5.3943244519773685, 4.6980294513369, 5.325324949858417, 4.031929130875935, 4.883743909708275, 3.4661969120439, 4.894535486564087, 4.216715798258352, 5.22497385014663, 4.415576396792257, 3.151230575019413, 5.274913008200276, 4.915941068391504, 4.07147576312401]"
"(3, 0, 4, 2, 1)",4.605316688015055,2.9227443417634738,0.7452143386830705,"[5.709576624295808, 3.570997709983556, 3.4946776294561492, 4.466297825928421, 5.871969915544703, 5.056002948038631, 3.705448039862957, 4.526761216658169, 4.758405743869534, 6.0722193369888515, 4.5449705538416545, 3.9370113026753075, 3.7942986010389377, 4.536691397598575, 3.6310309108002654, 4.651874355459918, 5.05644868199601, 4.8729277557578525, 5.359676492462134, 5.459096497368954, 5.29729977921846, 2.9227443417634738, 4.718701547063309, 4.141647448379364, 5.3813714144299345, 4.160143043587277, 4.608644793086889, 4.31686400852032, 5.090405514430548, 4.445295210345666]"
"(3, 1, 0, 2, 4)",4.075341543116518,2.9712111209821925,0.6957506098738193,"[4.705930647022557, 3.633544326368109, 3.3483814137358054, 3.693919869192398, 4.33246767616408, 3.7173812720107926, 4.082346228130058, 4.495758570781047, 4.197134676402075, 4.276892729800045, 3.9037207215549508, 3.615319917653581, 3.611981855175451, 3.6046523390796974, 3.968234823062909, 4.485593927782908, 5.030516553437597, 3.9978757222545234, 5.066624640948822, 3.366756207508134, 5.290106647384862, 3.1220284195508694, 3.840405899113839, 5.229035387748557, 3.887895180926753, 2.9712111209821925, 3.16217401514831, 3.9500351105454494, 5.962306542196604, 3.7100138518325863]"
"(3, 1, 0, 4, 2)",3.8186025832586052,2.538668310279705,0.9960192962810462,"[4.672041634760368, 4.602279825842788, 2.7615472630849376, 2.9484132805175394, 4.471332138736636, 3.6236969827166647, 3.55077850337781, 3.355483122977538, 3.8090779546712685, 4.123873291816603, 3.696331020243902, 3.831410293193355, 3.2200014448265986, 7.3488674493849375, 2.9620921952469916, 3.456498930970626, 4.111497931746273, 2.719669359225965, 4.136421197539328, 2.538668310279705, 4.0985542796804975, 2.5669530374203084, 3.9355001978655273, 4.960348453190353, 3.444991055259999, 3.2919074491744382, 2.83163440869181, 3.1978790979665015, 4.5496799012081635, 5.740647486140733]"
"(3, 1, 2, 0, 4)",4.2914839104796005,2.6936667260730545,1.1230458421495404,"[5.7589380439641396, 3.1427101825223605, 3.577431034892458, 3.6278795654321447, 5.171743813423952, 3.7425812263852674, 6.940397121993886, 5.45889378211073, 5.587570374016771, 5.762277988709562, 3.1947963963415327, 3.655695582016869, 3.7396745745994666, 4.078052743939249, 3.5623266963818145, 3.8475012481455684, 5.036005737012009, 2.740589594630526, 6.313354965194595, 2.732776993488475, 4.308494672675359, 3.0952340479631646, 3.8115952023482036, 4.452090675214115, 5.21390957319962, 3.0225400979418926, 2.6936667260730545, 4.35442972631332, 4.88303822683261, 5.238320700625314]"
"(3, 1, 2, 4, 0)",2.954831702692421,2.03474045549521,0.5881026731925532,"[3.852148106977775, 2.909147737163501, 2.03474045549521, 2.4525612024236505, 2.800513657253911, 3.505944618630137, 2.599399321279902, 2.7921737035919514, 3.2796231986039417, 3.2299769114002683, 3.3366666305717376, 2.24572494723487, 2.4516608011254446, 3.1559742920864093, 2.7146639899320544, 2.742764656693677, 2.6864686715703443, 2.7419986735121005, 2.7811136461559074, 2.4863920191218427, 3.3785514872895783, 2.320077158640135, 2.7654628192539827, 3.633682187262895, 2.668360976238044, 2.7021129430486925, 2.066115528309288, 4.619218469515065, 3.737395750882476, 3.954316519507836]"
"(3, 1, 4, 0, 2)",3.2330492114259726,1.750382874402072,0.9734303299890625,"[4.439837348736139, 2.134186963747583, 2.3500022147528172, 2.961283293148327, 3.7525757257343337, 4.11119271588528, 3.2205230017040885, 4.57381631432348, 3.802546099470683, 3.7944029178730556, 2.827869127576532, 2.8237903925303667, 2.4949658026265182, 4.426937013643743, 2.0553329552725215, 2.1395873349660457, 2.8889550666170933, 2.5532125085535924, 4.400021398361358, 2.8582101936275413, 4.791006924994895, 1.9608492867262393, 2.7754364061477452, 2.7663345874655123, 2.9184571735790508, 1.8272872004197385, 1.750382874402072, 4.775475347832588, 4.944697211787518, 3.8723009402727167]"
"(3, 1, 4, 2, 0)",3.284959583357027,2.029598014919707,0.8366967866580263,"[5.362103340530884, 2.702806326343664, 4.864869074940298, 2.533307574405795, 3.0222699777379645, 3.9715133551359747, 2.2074266198336536, 3.249077190824754, 3.035406155378842, 4.435160953901402, 3.3003635680314876, 2.029598014919707, 3.000703385930371, 3.1617164604761565, 2.7596312029687615, 2.5804534109972175, 2.204689006236784, 3.655473207848412, 3.8755020039387333, 3.225224984274257, 2.6589583326328774, 2.2305468560719843, 2.7714345245126806, 3.8226603837156583, 2.879515430786103, 2.649241723996696, 3.3138002924292405, 4.510656516454807, 4.408766837610255, 4.125910787845404]"
"(3, 2, 0, 1, 4)",4.373903091962235,3.0497950555828592,0.9541740283482961,"[7.36487951554863, 3.7629336572721583, 3.841670397037471, 3.3679886586893972, 4.836687204425583, 4.1462339329729705, 3.801391133589805, 4.163922258815428, 4.633650579360323, 6.069842611339275, 4.598480822250179, 3.849462399115442, 3.8633974557936623, 4.29348864320733, 3.0497950555828592, 4.372749847065083, 4.060012766161617, 3.290822236259856, 5.398978343593252, 3.8639137429087067, 4.520605249407286, 3.4686692786924467, 5.076578911676244, 4.124147770409082, 4.382255675680766, 3.3272094867360553, 3.172556261240111, 5.9421945263806615, 5.540118604166944, 5.032455733488389]"
"(3, 2, 0, 4, 1)",4.178646719030775,3.049958523001632,0.6361025390000347,"[5.178184351800938, 3.9694569126866472, 3.906122079143187, 4.763177056288723, 5.2245971047288, 4.671388308513079, 3.9275146687296103, 4.134577408026902, 4.286395850008178, 4.814778458919999, 3.80215358102528, 4.003149963008253, 3.524962218955277, 4.828956718117592, 3.049958523001632, 3.6423341826480624, 3.4174120848995155, 3.431839358636471, 5.673049972378183, 3.672627197431413, 4.805913338129017, 3.7102708284132087, 4.2318463656919105, 3.6961799207504753, 3.9077225180493995, 3.4105505265314924, 3.876100470958863, 4.992440653525983, 4.780324173115368, 4.02541677680977]"
"(3, 2, 1, 0, 4)",4.312924251478585,2.9599046122493142,0.8805631337921084,"[5.129046992032865, 3.4193030194530327, 5.336428888317231, 4.388551969444061, 5.410929758694602, 4.241187322156997, 4.968928067814762, 5.096357481755879, 3.9950952851973587, 6.313858247481382, 3.1018474963493294, 4.48271043176155, 4.300513996231347, 3.17523856048408, 4.213922484336597, 3.59106772782212, 3.9592495798752223, 2.998278189465218, 6.071470663893223, 3.4733303058255807, 4.643788827392222, 3.2084459515447934, 4.0926419237207865, 4.595282862870206, 4.464035536807028, 2.9599046122493142, 3.718953251834808, 5.132170735629287, 5.173174053217245, 3.732013320699424]"
"(3, 2, 1, 4, 0)",2.8065470632670904,2.0348863087706084,0.489021589589093,"[4.044494508563111, 2.7613861599838665, 2.156680175526025, 2.0348863087706084, 2.7456926928261063, 3.0068798145864934, 2.503832831857724, 3.031369074251723, 3.1770413757964477, 3.5288883300039235, 2.997689711636473, 2.5534565869468264, 2.776570448945923, 2.7398007325636025, 2.485505353241259, 2.494679038255637, 2.4812992066089836, 2.8682508496126013, 2.900447945186203, 2.1955731220874415, 3.1214206129718707, 2.2074708259690943, 2.3242756821345276, 3.56193695409714, 2.6377029642338723, 2.397522777516306, 2.372263194033139, 2.8772937812475528, 3.763885435179601, 3.448215403378637]"
"(3, 2, 4, 0, 1)",3.7861350445159654,2.1453815203981863,0.9678407227825915,"[5.960918842924336, 3.4046796886236796, 3.4094696042388066, 2.7556772036801065, 3.729722276709004, 3.950128313531813, 5.5059452025451945, 5.148409784966668, 3.971397173354848, 5.303966834104724, 3.142224579712876, 2.8403683453839395, 3.308776382580502, 3.5841680056988454, 2.596122801398337, 3.1176555866373037, 3.936543660771485, 2.774590899031192, 3.1677367692283953, 2.1453815203981863, 4.65400448832941, 3.9019246136387706, 3.7475819409856594, 4.052905044299304, 4.382816153565996, 2.4997520306365115, 2.4483577198593283, 4.579137021062229, 4.900757019404729, 4.6629318281767995]"
"(3, 2, 4, 1, 0)",3.139308216294753,2.0357971535442703,0.8194783986041545,"[5.094882007975724, 2.633509148768276, 2.8384855381511183, 2.0357971535442703, 2.37803358446459, 3.2677646156305817, 3.518225030331836, 2.6644671329862324, 3.0043473277643327, 4.089562909982849, 2.527952692944256, 4.2955634245059064, 2.655471116705562, 2.80267355505951, 4.093693177130055, 2.4369648878048125, 2.195325629914082, 3.193728929828194, 4.932886885927651, 2.5972940765160413, 2.989011047244517, 2.435196031699943, 2.3453714574190236, 3.345431623441709, 2.861136633384157, 3.822128706979726, 2.1371492209842886, 2.682297041618752, 4.108749561133221, 4.1961463390013725]"
"(3, 4, 0, 1, 2)",3.327794602975213,2.246998782935311,0.7477046070869351,"[4.626455625508323, 2.2577372627158216, 2.47169938955208, 3.2629751644450016, 3.8282004734350825, 3.7699730838483254, 2.9635907256656013, 4.939527396109074, 3.194366586847757, 4.878684596788488, 3.5484176781854058, 4.178542814637458, 4.039520680930082, 3.4838367608334377, 2.2699885445807695, 2.8273636038452183, 3.2820137122365542, 3.13579901654534, 3.2992682822951607, 2.5517988033746746, 3.724075019697974, 4.094719585734688, 2.985881875055595, 3.6820327753629924, 2.342584392689939, 2.246998782935311, 2.3516935584905427, 3.1953639856442684, 2.917451138748106, 3.4832767725173106]"
"(3, 4, 0, 2, 1)",3.44197254372012,2.3593961633714824,0.6296323855118274,"[5.066217254542665, 2.7413704700045227, 3.2078692004059435, 3.226937124167691, 3.6481798121169318, 3.330295063825031, 3.6294001025719815, 4.450558575507799, 3.4737350982234916, 4.398505345462783, 2.9802855437487015, 3.1137177150833293, 4.466572983363796, 3.5965491488796615, 3.1625989743962375, 3.2477328297116843, 3.6681374498515775, 2.9344181840838575, 3.489774416434958, 3.1359086855922493, 3.1160016096172405, 2.5385278924540517, 3.9923689287571986, 3.796466453719268, 2.8059012972543784, 2.3593961633714824, 2.6779204503388367, 3.2863339092407817, 4.507430592104824, 3.2100650367706396]"
"(3, 4, 1, 0, 2)",3.1431810530943745,2.013674862976473,0.7248210915879357,"[4.452357733310861, 2.6670779380203298, 3.0582414120097545, 2.4627929349764734, 4.387524985075009, 3.7686553965062544, 3.360356889455654, 4.43113036334345, 3.5581074791968255, 3.916737205321525, 3.3007925515638856, 3.07740760925828, 3.1404901084601957, 3.3086275653065886, 2.013674862976473, 2.487625051564965, 2.059439934058451, 2.74725439536463, 3.3603810731663604, 2.760392889852929, 3.7558244972988772, 2.1933766604493488, 2.493566305509215, 2.6470817587952205, 2.35393288312041, 2.3618686026524003, 2.439161566178562, 4.192895659021158, 3.9772053136997947, 3.561449967317342]"
"(3, 4, 1, 2, 0)",2.98712003612623,1.8156875372694763,0.6934913435375153,"[4.8983163063931165, 2.0391698185392073, 2.6027590123898774, 2.233584705264643, 3.776954963643015, 3.298065355713321, 2.7336550278025675, 3.4280191456223488, 3.0607545592019876, 4.042872134672466, 3.092821637359054, 2.0586539618826403, 3.510549813687173, 2.582825306120643, 2.49358215095683, 2.8375018511671644, 2.2767241970369203, 2.6953600175110113, 3.442674389851179, 2.2019207049942855, 3.1565833088433175, 1.8156875372694763, 2.6472601965464544, 3.61702224712787, 3.0344227794899, 2.5229012779346114, 3.321615424440433, 3.9922589743193497, 3.7292036433382063, 2.4698806346678124]"
"(3, 4, 2, 0, 1)",4.447772368198718,2.583396805144446,1.186385099867567,"[5.5309046804338955, 3.1565113050097913, 4.1657049936846535, 4.720221175590768, 4.20041125121859, 3.5205396994995106, 3.241970385102482, 7.06625995828207, 4.468448127331224, 4.863839535960801, 3.9963393822568065, 5.078371161630916, 4.121209241891424, 4.230641770924572, 3.055311909677315, 2.583396805144446, 4.370086392411198, 4.526216345820542, 4.546615234708731, 3.368233566603845, 4.261305233291893, 3.542567391915372, 3.07201380082231, 4.731281212258515, 3.443394029652982, 5.402701963651212, 7.0547900874147595, 3.7204401966778344, 6.322837887942128, 7.070606319150972]"
"(3, 4, 2, 1, 0)",3.074810777681125,1.4906317870325871,0.7111538572184432,"[4.960279886604812, 3.2331707357006296, 2.602231773634548, 2.2906215065017475, 3.3796250967024006, 4.08885239774153, 2.8067639992596547, 3.417127931167613, 2.8690436080014967, 4.28529997687268, 3.424193738124202, 3.3182096056976054, 2.1839750134755107, 2.984811518979867, 2.627360333682158, 2.5278308735803163, 2.7828194583035772, 2.997305101022629, 2.60038078256233, 2.1118906739770122, 2.582187063795948, 2.7380996225649024, 3.025051431318791, 3.3987117803172198, 2.9731593406773387, 3.1982348952823547, 1.4906317870325871, 3.1633410533063167, 3.830770048031647, 4.352342296514319]"
"(4, 0, 1, 2, 3)",4.436972612914198,2.450089350446283,1.13118816411914,"[5.2721268344848475, 3.0318376708287476, 4.193327946325339, 4.230607909744998, 4.760569180403209, 4.168385707320699, 5.493349160886606, 5.876681373428834, 3.802360095159938, 8.377880401066921, 3.3812839194746465, 3.784493037410536, 3.9125302311094994, 4.76668255468877, 3.355152251907858, 2.9502350018577883, 4.014546876165593, 3.6945389171116108, 5.154304004580911, 4.14008442810338, 4.917217774438345, 3.5296511317147905, 4.732940522985883, 4.801245090338794, 5.561191476124981, 2.450089350446283, 3.3651527797386294, 4.71473182161359, 5.751720382957909, 4.924260555006036]"
"(4, 0, 1, 3, 2)",4.296679597957305,2.5273112355383014,1.13681259212953,"[6.388948945061417, 2.950138116272375, 4.520480916906737, 3.303790894159379, 4.600275285446038, 3.65779483039828, 5.34244973458714, 5.408351314008339, 3.6764407516088706, 7.285308893364586, 3.1066749952971233, 3.9141787152103844, 4.020251067366925, 4.832928199690496, 4.029706058040765, 3.604892052499278, 5.085745384135035, 3.126373991133993, 4.729155623138583, 3.3375881521228306, 4.898438490845196, 3.1520636638142707, 4.7783965904018935, 3.7002266200359895, 5.834631564041853, 2.5273112355383014, 3.1221210906022603, 4.86233896981377, 6.007060941483903, 3.0963248516930997]"
"(4, 0, 2, 1, 3)",4.328013703200664,2.8539666877182936,0.9621622078322775,"[5.217717395653721, 3.125995973801225, 3.233352289596924, 3.8000055212791146, 5.806004546562267, 5.113604610792732, 4.453438789010572, 6.25192972623447, 3.4800633292550973, 5.677072681988678, 3.678347881933135, 3.8719171334721216, 4.364711717623906, 5.207904532994219, 4.435021610890531, 4.062411597500111, 5.67495462449743, 2.9818563028924667, 5.993387248870433, 3.7184918566534733, 4.912221096046324, 3.053652961081882, 4.478928521511533, 4.81254538952141, 4.009101358399335, 2.8539666877182936, 3.129345356632973, 3.8666700187799457, 4.832034965264968, 3.74375536956064]"
"(4, 0, 2, 3, 1)",4.570931307199436,2.6790163173300776,1.0003142868347938,"[6.082623512249657, 3.031632068489444, 3.877937530968891, 4.799108452218359, 6.211407087983216, 4.921512510676281, 4.712858817259221, 6.1587650502573235, 4.08643033783262, 5.120021844065861, 3.8520735119570833, 3.6074627625365996, 4.1621238895042785, 3.7241664697698487, 4.145116398030159, 5.8673687188465875, 4.270272365380796, 3.9405459530443108, 5.922517411127385, 4.3211260395773206, 5.552850403653565, 3.3011181570414707, 6.441349493874935, 4.675124871030112, 2.6790163173300776, 3.627987950360537, 3.494347302207005, 5.368397715479962, 4.69163446656706, 4.481041806663135]"
"(4, 0, 3, 1, 2)",4.904412538445265,2.931864618627393,1.0786304700149407,"[5.818582246116558, 2.931864618627393, 6.311910047146153, 6.09161538115443, 6.9856043796278, 4.782171243106367, 5.376725367261589, 6.0759257255921755, 4.855579388854059, 6.631821380583163, 3.5992049579863234, 3.846362735016972, 4.365134936604326, 4.856615828630649, 4.281726995473519, 4.078189430621663, 5.191700079693078, 3.708997627093087, 4.587056620972923, 4.151594061545948, 4.756287089836804, 3.858879686183549, 4.742318586927363, 4.265041121517089, 6.102055029625399, 2.9393429572322383, 4.317219440659375, 6.8604195572997835, 5.483800561015777, 5.278629071352361]"
"(4, 0, 3, 2, 1)",4.784194884400896,3.0616533863759234,0.9253709385853991,"[5.424043386155627, 3.853803357475884, 4.293951013693248, 3.926750160990054, 5.861794000842719, 5.420691898223784, 4.098016090308646, 6.557741453414655, 4.551429368043907, 6.565167988026437, 4.644227702968111, 3.2602166099893886, 4.151684948307329, 3.8850462692412053, 4.011180563316831, 4.867158778465279, 5.203928849990927, 4.671820224137288, 5.367547270002673, 4.406019061066992, 5.456848323045887, 3.0616533863759234, 4.184393793337665, 4.265125288677304, 6.121440670429997, 3.6196131631221844, 5.378910534894516, 6.007374761573732, 4.5689077489174545, 5.8393598669912326]"
"(4, 1, 0, 2, 3)",4.562772371215121,2.9764432070309805,1.174867629299832,"[4.840283958984421, 4.119040529725402, 4.095868819680715, 4.452203546368282, 7.817528900876323, 4.282998182045148, 5.145630347982006, 5.483708780348063, 4.159703095700596, 7.742960675020566, 5.298127569684795, 4.115681899357762, 3.384851147978274, 3.891595706637836, 2.9764432070309805, 4.998281302391629, 4.269177210840909, 3.1738225129004682, 6.927709090480697, 3.6295001431209597, 4.51522836202004, 3.7949429713335507, 4.273800545053665, 4.597921251638188, 4.762222137438031, 3.3709013982791696, 3.3239467141467625, 3.801430840146517, 5.377075219634424, 4.260585069607427]"
"(4, 1, 0, 3, 2)",4.254939281856683,2.7206405147136694,0.95380581757896,"[5.630257075497329, 3.6425575906024306, 3.8752408709631254, 4.873483138220722, 5.620222923556324, 4.422568575294098, 3.296311113576397, 5.248354729684085, 4.2125558575070885, 6.287059281163266, 3.748559360123545, 3.7023209494231764, 3.5188957500479505, 3.566011846997549, 2.7206405147136694, 3.939904563187958, 5.509854668391914, 4.087038662006624, 6.288504083847536, 3.6901252064579437, 4.526805567462153, 3.08784379225446, 4.099393716674257, 4.198469139994472, 4.213150651981824, 2.866600765574487, 3.194495053388752, 3.503805045065422, 5.331301610670833, 4.745846351371107]"
"(4, 1, 2, 0, 3)",4.963782138878354,3.501150707998923,0.6763337962863086,"[5.4485374970285925, 5.4190759125439145, 5.042520990607786, 4.217277362698912, 6.1993225697257826, 4.530173439086258, 4.163079932346045, 5.4883164339986985, 4.729325854368087, 5.717517276478936, 4.890585258628695, 4.375158772597188, 3.7749151255878193, 4.806692061124066, 4.073980904070015, 3.501150707998923, 5.340335011733802, 4.836072418222084, 4.946496306263347, 5.320583888819037, 4.343489840357458, 4.798220182744674, 5.1846610938013535, 4.923994578094692, 6.514130160081017, 4.528601215124631, 4.891991356633667, 5.73212181212107, 5.470811639618157, 5.704324563845913]"
"(4, 1, 2, 3, 0)",3.6737961883725307,2.3282636961290057,0.6831024333422501,"[4.7959640607508565, 3.615158313916115, 4.1949055735114, 3.1044309638915455, 4.432373707886744, 4.078617973200522, 3.292737422519669, 2.7138515312254112, 3.922081884822536, 4.391330037901982, 3.4240955532952073, 3.3466464059809526, 3.5116619254137187, 3.5214679781888516, 2.6766411045289145, 2.9636151284060057, 3.9479210660030986, 3.825500544714884, 3.594826860094352, 3.257614391839267, 3.8577654133353736, 2.3282636961290057, 3.8803015298292856, 3.4355282286952082, 4.089974187326563, 2.8788325390446508, 3.349472858559512, 5.041788251264126, 5.3869129884858715, 3.3536035304142877]"
"(4, 1, 3, 0, 2)",3.774838273999939,2.2082700800106108,0.7842604048063236,"[4.919355534189495, 3.109132426081449, 3.7626181942859542, 3.4826677062537623, 4.276820044242678, 4.452486033862048, 3.6324361401175675, 3.833376558508121, 3.4289332376155315, 4.431501909461626, 3.8008124775824244, 4.326840367311847, 3.2370114489785715, 3.715385805289322, 2.867403732846431, 3.30652952704554, 3.215504964219725, 3.2340497869347056, 5.139281826158018, 3.4103973130771954, 3.8727409422363737, 2.2082700800106108, 4.205448692171689, 5.026229402524806, 3.2467515619010445, 2.9421189459990567, 2.519830666166019, 5.340157030227501, 5.042674582012244, 3.2583812826868104]"
"(4, 1, 3, 2, 0)",3.2342798714676215,2.0578797793788954,0.6639530076363884,"[4.644014794068132, 2.3185737235732096, 4.253272446209539, 2.7712363115268985, 3.031436170046588, 3.01311929373385, 3.3507714040829883, 2.6567942920824246, 3.3049997144672036, 4.310998425175988, 3.6798784506678786, 2.583748308937234, 2.9922310260317917, 3.22562643757996, 3.07777486214582, 2.3192293665593993, 3.5047969720740424, 3.090327291019605, 3.9845948244336484, 2.8141359956692753, 3.0943225078799212, 2.097101978707749, 3.515770806874161, 3.1585483171680226, 3.377410689189545, 2.8596484070064374, 2.0578797793788954, 3.743219258540703, 3.611549591212329, 4.585384697985413]"
"(4, 2, 0, 1, 3)",4.26427765842087,2.524498298997537,1.1164423414132887,"[6.283850361999412, 3.857869762893869, 3.8230169966540712, 3.7392880392815564, 5.321309544330403, 4.067161450952279, 4.166850701090758, 6.40408257839221, 3.975524192018001, 3.8308103430479763, 4.078759921914389, 3.4390881482928943, 3.32681394821479, 6.352310288830231, 2.524498298997537, 4.80244519041774, 4.735573732922642, 2.935968272990926, 5.782961279021069, 2.724906192758341, 4.647611466565431, 3.2367344056659335, 3.814928878869591, 4.731126780392991, 4.508067269388426, 3.404104326139483, 2.905133675419793, 4.518772667542922, 6.626892959730897, 3.3618680778895556]"
"(4, 2, 0, 3, 1)",4.691125184777264,2.920667990486685,0.9885346256036975,"[6.679039135957969, 4.483040109023876, 4.102332286058728, 3.655483132509807, 6.750419871698039, 4.729768883705669, 4.636956580721418, 4.453351002943496, 4.074343119930688, 5.370801983012846, 3.903993954499708, 4.410680701134888, 3.902579759694802, 3.9314542571942175, 3.5676443402055047, 4.008326118721348, 5.20046867279763, 3.9906333670218466, 7.051820687770307, 4.451672384144931, 5.368011428528937, 2.920667990486685, 4.5207192266922505, 5.5075927965134674, 3.8698524515264467, 4.183206472220147, 4.105833650345855, 5.05962552659501, 6.03094123481579, 5.812494416845628]"
"(4, 2, 1, 0, 3)",4.729233253196821,3.592227101233068,0.736753215893932,"[6.16833954735638, 4.74762875395324, 4.151503602948149, 4.173506291598022, 4.801505993576643, 5.32534175381721, 4.073390856362847, 4.529576938309898, 4.416507472947381, 5.933659648624305, 5.293505793549504, 3.645761522822115, 4.364497925950933, 5.371889792873675, 3.8251084668071376, 3.592227101233068, 4.745248704624146, 3.9903262086187286, 4.685809125781757, 5.1523648008579555, 5.244441986081046, 3.8064110309796977, 4.785082873181472, 4.390049710747008, 5.438485588034768, 4.213749159360252, 4.040380008071536, 5.462659566085636, 6.5281868539014445, 4.979850516848664]"
"(4, 2, 1, 3, 0)",3.60000406013185,2.4303653405140757,0.7881899519291041,"[4.684620968618286, 2.4303653405140757, 4.676167088348878, 4.004860623276809, 3.5964022457982106, 2.847652704156963, 3.7586801999254167, 2.9204640631609107, 3.511901863498192, 5.3900735616879025, 3.2830545106505262, 2.9876292445100066, 3.222014288651413, 3.7581904094158283, 3.397852356051708, 3.2267750514331257, 3.350043157364412, 3.61396413888001, 3.384196227538018, 3.3383539820087003, 4.421898765110654, 2.5340929032949737, 4.054791549452001, 3.468601720808026, 3.665972390216689, 3.0356340390107825, 2.5091979393359387, 3.814163379758259, 5.984764268819857, 3.1277428226589192]"
"(4, 2, 3, 0, 1)",4.992011062234913,3.461727856323542,0.9801180407848253,"[5.896290741758054, 5.851439284323935, 5.249040579426316, 4.915222463609368, 4.982362264254716, 5.290395071656129, 4.559666856755937, 4.622342949588868, 3.827845692132321, 5.879641652544203, 4.815082534641745, 6.112172920265972, 4.8022394336929795, 3.913878103296544, 3.461727856323542, 4.179590139795596, 5.077874099084791, 3.7736461945129145, 4.599719287064772, 4.2918794394172615, 5.473459626290414, 4.066242543225179, 4.15313787701782, 7.127447544339164, 4.331922503740114, 4.221277146559338, 4.358264650177643, 6.685599149960338, 7.347338834556606, 5.893584427034836]"
"(4, 2, 3, 1, 0)",3.1400638421588405,1.915761100206833,0.6530756662614622,"[4.496052099745776, 2.8683811835154684, 2.53726387878158, 2.518261321301112, 2.9782690487659464, 3.111683418707174, 3.824585456277867, 3.286184865958872, 3.51126828441828, 3.6052443496507878, 2.8096757435154247, 2.9471698995675237, 2.848886352479465, 3.00371954442481, 1.915761100206833, 2.455938848811048, 5.032301169602113, 2.7211682221708764, 3.1935123647833907, 2.760120478010443, 2.8207871197197822, 2.4512778650724605, 3.099627282813919, 3.1015737763230202, 3.3765003503401156, 2.914360713030812, 2.3108649091081572, 3.883692497130341, 4.03660232208574, 3.7811807984460843]"
"(4, 3, 0, 1, 2)",3.9673473226348674,2.621538843737883,0.9687586600690169,"[5.299227999051615, 2.63063203476485, 4.0006305489553755, 3.5727406979529364, 3.5528100132510736, 3.8068804904905633, 2.8923263391595593, 4.660502570831597, 4.358370027023692, 7.2940962329413, 3.3624787944526315, 4.20680895728518, 4.488888515548675, 3.167799050020163, 2.952135140985238, 2.621538843737883, 3.5594288796172044, 4.387253305324808, 3.7691682578067693, 3.676560602514537, 4.377225581846409, 2.915438898050931, 5.564564491469598, 5.066675667520514, 3.2909116610003935, 3.100208392842821, 3.834641964178567, 3.932517782850631, 4.656633541480159, 4.021324396090343]"
"(4, 3, 0, 2, 1)",4.18693666370167,2.5139749973349512,0.8804336954157969,"[5.15582973225224, 3.6754438072985973, 2.886849212524314, 4.327085016202802, 4.5814242300692225, 4.986258388771937, 3.0509055115005332, 5.693904370995653, 3.235402199924167, 5.816831332628598, 3.80563372647322, 4.2672716461602445, 4.257069928423413, 4.630573513985168, 3.8951267452000335, 3.388511671754979, 5.145604778594695, 4.501211466974855, 5.470357882842364, 3.7887375004672736, 4.243802472743478, 2.956444038818913, 3.8751729916336126, 3.4466909538776704, 3.642419097641547, 2.5139749973349512, 3.3880489522790587, 4.321804116274922, 5.321841864016216, 5.337867763385384]"
"(4, 3, 1, 0, 2)",3.686693100577469,2.14189572953814,0.9165254118119793,"[4.6833999129156085, 3.341902461304072, 5.854866066380473, 2.8715440757907778, 4.470640156327711, 4.317855648771556, 3.5696729271785737, 4.664447926431105, 3.2575673323139647, 5.167854466953188, 4.336859986758236, 2.9755178101083444, 3.884794847889256, 4.276476833981087, 3.3388666640689784, 2.491324311451414, 3.2162820947574726, 3.166373285742464, 4.764112375620908, 3.315084692168339, 4.195308178983982, 2.4296774122002662, 3.2182161146866934, 2.665377565012778, 2.847141797784335, 2.14189572953814, 2.443697021077387, 3.734216557050186, 5.074687103701983, 3.885131660374785]"
"(4, 3, 1, 2, 0)",3.1266856386407733,1.9910128946198495,0.8092642742169456,"[4.411386355076446, 2.606844855062723, 2.9801617121707222, 2.5636583006582967, 4.766522954447016, 2.991384543574648, 2.9668140920968042, 3.5372793868906833, 2.98613140287583, 4.471182163946301, 2.829818870293954, 2.0351197908076086, 3.186141397961129, 3.884790480802096, 2.470403792514652, 3.018904718405743, 3.2050532407004235, 3.3758852088624316, 5.223325399657061, 1.9910128946198495, 2.8594524416486355, 2.4679602583636124, 2.8266103368143005, 2.6891711144213217, 2.768421493955505, 2.386013820335915, 2.195710409957772, 2.7122779297999364, 4.549007817266696, 2.84412197523508]"
"(4, 3, 2, 0, 1)",4.669400130569874,3.0704615270746554,1.1509523622086955,"[6.191622325752884, 4.070511550876983, 5.914117765274302, 3.7422119965573795, 4.486797071690161, 5.527065789141086, 4.687386148208879, 6.673443770452726, 4.211129715202963, 6.208288612771698, 3.7808411827021806, 3.7742471975090366, 5.243173383348237, 3.0704615270746554, 3.1649353765098147, 3.652772055296256, 4.132253450973716, 3.3869458853396592, 4.312594769807775, 3.9226671413240592, 5.024647994627467, 3.413400382025837, 4.490376362006012, 3.5740436304490144, 4.448877407468688, 4.610200770159762, 7.882596167726555, 4.554405418541483, 6.295014721746159, 5.634974346530786]"
"(4, 3, 2, 1, 0)",3.223310278890716,1.8294046812113194,0.7981364161560642,"[6.057261920455198, 2.743935830277362, 3.3616300102852406, 2.0943643571662642, 3.100123097356932, 3.050091642322139, 3.201694791043243, 3.867442524000708, 3.4693195961590217, 3.8704114623890753, 3.0204470228526854, 2.676549678899072, 2.8027953777073846, 3.760362249317542, 1.8294046812113194, 2.6821218829828277, 3.0008911054884537, 3.1875605340043918, 3.825959516777021, 2.9670047917825095, 2.706321484699315, 2.451872302810802, 2.9974015491394628, 3.940852505017361, 2.681095338488905, 3.0012216946698085, 2.467927529165778, 3.528812366638278, 4.825228288764737, 3.529203234848642]"
